{
  "Groq-llama-3.1-8b-instant": {
    "Groq-llama-3.1-8b-instant": {
      "0": 0.30000000000000004,
      "1": 0.0,
      "2": -0.06999999999999995,
      "3": 0.6499999999999999,
      "4": 0.44999999999999996,
      "5": 0.7000000000000001,
      "6": -0.33,
      "7": -0.15000000000000002,
      "8": 0.04999999999999993,
      "9": 0.04999999999999999
    },
    "Groq-llama-3.3-70b-versatile": {
      "0": 0.0,
      "1": -0.6,
      "2": -0.09999999999999998,
      "3": 0.6000000000000001,
      "4": 0.35,
      "5": 0.52,
      "6": -0.2,
      "7": -0.20000000000000007,
      "8": -0.13,
      "9": 0.4
    },
    "Local-Mistral-7B-GGUF": {
      "0": 0.35,
      "1": 0.0,
      "2": 0.15000000000000002,
      "3": 0.39999999999999997,
      "4": 0.44999999999999996,
      "5": 0.6000000000000001,
      "6": -0.15000000000000002,
      "7": -0.15000000000000002,
      "8": -0.10000000000000009,
      "9": 0.25
    }
  },
  "Groq-llama-3.3-70b-versatile": {
    "Groq-llama-3.1-8b-instant": {
      "0": 0.8,
      "1": 0.2,
      "2": 0.2,
      "3": 0.2,
      "4": 0.6,
      "5": 0.6,
      "6": 0.2,
      "7": 0.6,
      "8": 0.8,
      "9": 0.6
    },
    "Groq-llama-3.3-70b-versatile": {
      "0": 0.2,
      "1": 0.0,
      "2": 0.2,
      "3": 0.6,
      "4": 0.6,
      "5": 0.2,
      "6": 0.0,
      "7": 0.8,
      "8": 0.2,
      "9": 0.8
    },
    "Local-Mistral-7B-GGUF": {
      "0": 0.6,
      "1": 0.8,
      "2": 0.8,
      "3": 0.2,
      "4": 0.2,
      "5": 0.0,
      "6": 0.0,
      "7": 0.2,
      "8": 0.8,
      "9": 0.7
    }
  },
  "Local-Mistral-7B-GGUF": {
    "Groq-llama-3.1-8b-instant": {
      "0": 0.29999999999999993,
      "1": 0.25,
      "2": 0.30000000000000004,
      "3": 0.75,
      "4": 0.75,
      "5": 0.75,
      "6": -0.2,
      "7": -0.2,
      "8": 0.5,
      "9": 0.55
    },
    "Groq-llama-3.3-70b-versatile": {
      "0": -0.15000000000000002,
      "1": 0.2,
      "2": 0.24999999999999997,
      "3": 0.4,
      "4": 0.0,
      "5": -0.1,
      "6": -0.1,
      "7": 0.15000000000000002,
      "8": 0.0,
      "9": 0.6
    },
    "Local-Mistral-7B-GGUF": {
      "0": 0.0,
      "1": 0.05,
      "2": 0.75,
      "3": 0.1,
      "4": 0.75,
      "5": 0.25,
      "6": 0.3,
      "7": -0.25,
      "8": 0.25,
      "9": 0.5
    }
  }
}